[
  {
    "id": "1",
    "name": "Action",
    "title": "Thể loại này thường có nội dung về đánh nhau, bạo lực, hỗn loạn, với diễn biến nhanh"
  },
  {
    "id": "2",
    "name": "Adult",
    "title": "Thể loại Adult đề cập đến vấn đề nhạy cảm, chỉ dành cho tuổi 17+"
  },
  {
    "id": "3",
    "name": "Adventure",
    "title": "Thể loại phiêu lưu, mạo hiểm, thường là hành trình của các nhân vật"
  },
  {
    "id": "4",
    "name": "Anime",
    "title": "Truyện đã được chuyển thể thành film Anime"
  },
  {
    "id": "5",
    "name": "Chuyển Sinh",
    "title": "Thể loại này là những câu chuyện về người ở một thế giới này xuyên đến một thế giới khác, có thể là thế giới mang phong cách trung cổ với kiếm sĩ và ma thuật, hay thế giới trong game, hoặc có thể là bạn chết ở nơi này và được chuyển sinh đến nơi khác"
  },
  {
    "id": "6",
    "name": "Comedy",
    "title": "Thể loại có nội dung trong sáng và cảm động, thường có các tình tiết gây cười, các xung đột nhẹ nhàng"
  },
  {
    "id": "7",
    "name": "Comic",
    "title": "Truyện tranh Châu Âu và Châu Mĩ"
  },
  {
    "id": "8",
    "name": "Cooking",
    "title": "Thể loại có nội dung về nấu ăn, ẩm thực"
  },
  {
    "id": "9",
    "name": "Cổ Đại",
    "title": "Truyện có nội dung xảy ra ở thời cổ đại phong kiến."
  },
  {
    "id": "10",
    "name": "Doujinshi",
    "title": "Thể loại truyện phóng tác do fan hay có thể cả những Mangaka khác với tác giả truyện gốc. Tác giả vẽ Doujinshi thường dựa trên những nhân vật gốc để viết ra những câu chuyện theo sở thích của mình"
  },
  {
    "id": "11",
    "name": "Drama",
    "title": "Thể loại mang đến cho người xem những cảm xúc khác nhau: buồn bã, căng thẳng thậm chí là bi phẫn"
  },
  {
    "id": "12",
    "name": "Đam Mỹ",
    "title": "Truyện tình cảm giữa nam và nam."
  },
  {
    "id": "13",
    "name": "Ecchi",
    "title": "Thường có những tình huống nhạy cảm nhằm lôi cuốn người xem"
  },
  {
    "id": "14",
    "name": "Fantasy",
    "title": "Thể loại xuất phát từ trí tưởng tượng phong phú, từ pháp thuật đến thế giới trong mơ thậm chí là những câu chuyện thần tiên"
  },
  {
    "id": "15",
    "name": "Gender Bender",
    "title": "Là một thể loại trong đó giới tính của nhân vật bị lẫn lộn: nam hoá thành nữ, nữ hóa thành nam..."
  },
  {
    "id": "16",
    "name": "Harem",
    "title": "Thể loại truyện tình cảm, lãng mạn mà trong đó, nhiều nhân vật nữ thích một nam nhân vật chính"
  },
  {
    "id": "17",
    "name": "Lịch sử",
    "title": ""
  },
  {
    "id": "18",
    "name": "Horror",
    "title": "Horror là: rùng rợn, nghe cái tên là bạn đã hiểu thể loại này có nội dung thế nào. Nó làm cho bạn kinh hãi, khiếp sợ, ghê tởm, run rẩy, có thể gây sock - một thể loại không dành cho người yếu tim"
  },
  {
    "id": "20",
    "name": "Josei",
    "title": "Thể loại của manga hay anime được sáng tác chủ yếu bởi phụ nữ cho những độc giả nữ từ 18 đến 30. Josei manga có thể miêu tả những lãng mạn thực tế , nhưng trái ngược với hầu hết các kiểu lãng mạn lí tưởng của Shoujo manga với cốt truyện rõ ràng, chín chắn"
  },
  {
    "id": "21",
    "name": "Live action",
    "title": "Truyện đã được chuyển thể thành phim"
  },
  {
    "id": "23",
    "name": "Manga",
    "title": "Truyện tranh của Nhật Bản"
  },
  {
    "id": "24",
    "name": "Manhua",
    "title": "Truyện tranh của Trung Quốc"
  },
  {
    "id": "25",
    "name": "Manhwa",
    "title": "Truyện tranh Hàn Quốc, đọc từ trái sang phải"
  },
  {
    "id": "26",
    "name": "Martial Arts",
    "title": "Giống với tên gọi, bất cứ gì liên quan đến võ thuật trong truyện từ các trận đánh nhau, tự vệ đến các môn võ thuật như akido, karate, judo hay taekwondo, kendo, các cách né tránh"
  },
  {
    "id": "27",
    "name": "Mature",
    "title": "Thể loại dành cho lứa tuổi 17+ bao gồm các pha bạo lực, máu me, chém giết, tình dục ở mức độ vừa"
  },
  {
    "id": "28",
    "name": "Mecha",
    "title": "Mecha, còn được biết đến dưới cái tên meka hay mechs, là thể loại nói tới những cỗ máy biết đi (thường là do phi công cầm lái)"
  },
  {
    "id": "30",
    "name": "Mystery",
    "title": "Thể loại thường xuất hiện những điều bí ấn không thể lí giải được và sau đó là những nỗ lực của nhân vật chính nhằm tìm ra câu trả lời thỏa đáng"
  },
  {
    "id": "32",
    "name": "Ngôn Tình",
    "title": "Truyện thuộc kiểu lãng mạn, kể về những sự kiện vui buồn trong tình yêu của nhân vật chính."
  },
  {
    "id": "33",
    "name": "One shot",
    "title": "Những truyện ngắn, thường là 1 chapter"
  },
  {
    "id": "34",
    "name": "Psychological",
    "title": "Thể loại liên quan đến những vấn đề về tâm lý của nhân vật ( tâm thần bất ổn, điên cuồng ...)"
  },
  {
    "id": "35",
    "name": "Romance",
    "title": "Thường là những câu chuyện về tình yêu, tình cảm lãng mạn. Ớ đây chúng ta sẽ lấy ví dụ như tình yêu giữa một người con trai và con gái, bên cạnh đó đặc điểm thể loại này là kích thích trí tưởng tượng của bạn về tình yêu"
  },
  {
    "id": "36",
    "name": "School Life",
    "title": "Trong thể loại này, ngữ cảnh diễn biến câu chuyện chủ yếu ở trường học"
  },
  {
    "id": "37",
    "name": "Sci-fi",
    "title": "Bao gồm những chuyện khoa học viễn tưởng, đa phần chúng xoay quanh nhiều hiện tượng mà liên quan tới khoa học, công nghệ, tuy vậy thường thì những câu chuyện đó không gắn bó chặt chẽ với các thành tựu khoa học hiện thời, mà là do con người tưởng tượng ra"
  },
  {
    "id": "38",
    "name": "Seinen",
    "title": "Thể loại của manga thường nhằm vào những đối tượng nam 18 đến 30 tuổi, nhưng người xem có thể lớn tuổi hơn, với một vài bộ truyện nhắm đến các doanh nhân nam quá 40. Thể loại này có nhiều phong cách riêng biệt , nhưng thể loại này có những nét riêng biệt, thường được phân vào những phong cách nghệ thuật rộng hơn và phong phú hơn về chủ đề, có các loại từ mới mẻ tiên tiến đến khiêu dâm"
  },
  {
    "id": "39",
    "name": "Shoujo",
    "title": "Đối tượng hướng tới của thể loại này là phái nữ. Nội dung của những bộ manga này thường liên quan đến tình cảm lãng mạn, chú trọng đầu tư cho nhân vật (tính cách,...)"
  },
  {
    "id": "40",
    "name": "Shoujo Ai",
    "title": "Thể loại quan hệ hoặc liên quan tới đồng tính nữ, thể hiện trong các mối quan hệ trên mức bình thường giữa các nhân vật nữ trong các manga, anime"
  },
  {
    "id": "41",
    "name": "Shounen",
    "title": "Đối tượng hướng tới của thể loại này là phái nam. Nội dung của những bộ manga này thường liên quan đến đánh nhau và/hoặc bạo lực (ở mức bình thường, không thái quá)"
  },
  {
    "id": "42",
    "name": "Shounen Ai",
    "title": "Thể loại có nội dung về tình yêu giữa những chàng trai trẻ, mang tính chất lãng mạn nhưng ko đề cập đến quan hệ tình dục"
  },
  {
    "id": "43",
    "name": "Slice of Life",
    "title": "Nói về cuộc sống đời thường"
  },
  {
    "id": "44",
    "name": "Smut",
    "title": "Những truyện có nội dung hơi nhạy cảm, đặc biệt là liên quan đến tình dục"
  },
  {
    "id": "45",
    "name": "Soft Yaoi",
    "title": "Boy x Boy. Nặng hơn Shounen Ai tí."
  },
  {
    "id": "46",
    "name": "Soft Yuri",
    "title": "Girl x Girl. Nặng hơn Shoujo Ai tí"
  },
  {
    "id": "47",
    "name": "Sports",
    "title": "Đúng như tên gọi, những môn thể thao như bóng đá, bóng chày, bóng chuyền, đua xe, cầu lông,... là một phần của thể loại này"
  },
  {
    "id": "48",
    "name": "Supernatural",
    "title": "Thể hiện những sức mạnh đáng kinh ngạc và không thể giải thích được, chúng thường đi kèm với những sự kiện trái ngược hoặc thách thức với những định luật vật lý"
  },
  {
    "id": "49",
    "name": "Tạp chí truyện tranh",
    "title": "Tạp chí online về manga anime v.v.."
  },
  {
    "id": "50",
    "name": "Thiếu Nhi",
    "title": "Truyện tranh dành cho lứa tuổi thiếu nhi"
  },
  {
    "id": "51",
    "name": "Tragedy",
    "title": "Thể loại chứa đựng những sự kiện mà dẫn đến kết cục là những mất mát hay sự rủi ro to lớn"
  },
  {
    "id": "52",
    "name": "Trinh Thám",
    "title": "Các truyện có nội dung về các vụ án, các thám tử cảnh sát điều tra..."
  },
  {
    "id": "53",
    "name": "Truyện Màu",
    "title": "Tổng hợp truyện tranh màu, rõ, đẹp"
  },
  {
    "id": "54",
    "name": "Truyện scan",
    "title": "Các truyện đã phát hành tại VN được scan đăng online"
  },
  {
    "id": "55",
    "name": "Việt Nam",
    "title": "Truyện tranh Việt Nam"
  },
  {
    "id": "56",
    "name": "Webtoon",
    "title": "Là truyện tranh được đăng dài kỳ trên internet của Hàn Quốc chứ không xuất bản theo cách thông thường"
  },
  {
    "id": "57",
    "name": "Xuyên Không",
    "title": "Xuyên Không, Xuyên Việt là thể loại nhân vật chính vì một lý do nào đó mà bị đưa đến sinh sống ở một không gian hay một khoảng thời gian khác. Nhân vật chính có thể trực tiếp xuyên qua bằng thân xác mình hoặc sống lại bằng thân xác người khác."
  },
  {
    "id": "58",
    "name": "Yaoi",
    "title": "Truyện tranh đồng tính nam có nói về quan hệ thể xác, chia 2 cấp Soft Yaoi và Hard Yaoi (Nhẹ và Nặng)"
  },
  {
    "id": "59",
    "name": "Yuri",
    "title": "Truyện tranh đồng tính nữ có nói về quan hệ thể xác, cũng có 2 cấp Soft Yuri và Hard Yuri"
  },
  {
    "id": "60",
    "name": "16+",
    "title": "Là thể loại có nhiều cảnh nóng, đề cập đến các vấn đề nhạy cảm giới tính hay các cảnh bạo lực máu me .... Nói chung là truyện có tác động xấu đến tâm sinh lý của những độc giả chưa đủ 16 tuổi"
  }
]